{
  "Game": {
    "activePlayer": {},
    "gameOver": false,
    "gameStarted": true,
    "playerCount": "2",
    "players": [
      {
        "diceSet": {
          "activeDice": [],
          "dice": [
            {
              "diceSet": {},
              "dieElement": "HTMLOListElement",
              "dieValueClass": "die1Value",
              "id": 1,
              "kept": false,
              "name": "Die One",
              "selected": false,
              "value": null,
              "functions": {
                "createDieValue": "ƒ createDieValue(min, max)",
                "createNameFromId": "ƒ createNameFromId()",
                "keep": "ƒ keep()",
                "newTemplate": "ƒ newTemplate()",
                "registerEventListener": "ƒ registerEventListener() ",
                "registerEventListener2": "ƒ registerEventListener2()"
              }
            }
          ],
          "diceCount": 5,
          "keptCount": 0,
          "keptDice": [],
          "player": {},
          "selectedDice": [],
          "selectedValue": [],
          "functions": {
            "createDice": "ƒ createDice(count)",
            "getActiveDice": "ƒ getActiveDice()",
            "getKeptCount": "ƒ getKeptCount()",
            "getKeptDice": "ƒ getKeptDice()",
            "getSelectedDice": "ƒ getSelectedDice()",
            "registerDiceListener": "ƒ registerDiceListener(el)",
            "renderDice": "ƒ renderDice()"
          }
        },
        "finalScore": {},
        "game": {},
        "hasPlayed": true,
        "id": 1,
        "keptDice": [],
        "name": "Player One",
        "rollCount": 4,
        "functions": {
          "createNameFromId": "ƒ createNameFromId()",
          "increaseRollCount": "ƒ increaseRollCount(n)",
          "keepDice": "ƒ keepDice()",
          "keepDice2": "ƒ keepDice2()",
          "rollDice": "ƒ rollDice()"
        }
      }
    ],
    "rules": {},
    "diceCount": 5,
    "name": "horses",
    "rollLimit": 3,
    "winner": null,
    "functions": {
      "createPlayers": "ƒ createPlayers(count)",
      "endGame": "ƒ endGame()",
      "endTurn": "ƒ endTurn()",
      "generateScore": "ƒ generateScore()",
      "getRandomNumber": "ƒ getRandomNumber(min max)",
      "getRules": "ƒ getRules(ruleSet)",
      "getWinner": "ƒ getWinner()",
      "newGame": "ƒ newGame()",
      "nextPlayer": "ƒ nextPlayer()",
      "toggleClasses": "ƒ toggleClasses(die)",
      "updateState": "ƒ updateState()"
    }
  }
}